,Date,TotalRew_proj,NG_proj,Coal_proj,TotalNet_proj,Solar_proj,Wind_proj,monthcnt
0,2019-11-01,55.99402278327512,105.5445957632647,74.5786146581286,303.9177014541268,4.745043888707949,26.00690284647293,0
1,2019-12-01,58.862128695073366,113.3417598897238,82.58309533913555,326.7052843494553,4.211050926956734,27.38245225135523,1
2,2020-01-01,61.763935157624324,118.57811295443057,89.45711980228829,347.62729738587495,4.576507374820288,28.525232658872667,2
3,2020-02-01,57.78096195379218,108.4078431235808,63.6737210407197,298.8605063925881,4.966771620766141,26.147923415987087,3
4,2020-03-01,65.01775573168767,113.7277117744805,62.21987060115978,309.47865109549593,6.796874141626704,29.212858345291494,4
5,2020-04-01,68.62532198504347,106.33300645338645,47.33840924548984,284.41490610546214,7.75983293793193,31.544000529974106,5
6,2020-05-01,70.05039069044834,120.76803514580256,59.22425317696272,318.3792439113447,8.231229252578611,28.027235383926307,6
7,2020-06-01,65.90671117585447,138.55369081279636,68.75945519992898,344.1250626176804,9.097297090121733,26.4736582677233,7
8,2020-07-01,58.61943700002343,174.69996554528595,88.54771911693666,397.3819497807818,8.907045058003538,22.614564030828284,8
9,2020-08-01,56.103058202438575,171.89382101686328,92.05743047146989,395.79285480405724,8.47468230840216,23.217876661781766,9
10,2020-09-01,53.699703939787796,147.92959601967044,74.44054689491962,343.59266700608555,7.965999112058546,22.395301859251884,10
11,2020-10-01,55.91902953812623,131.2038679594097,57.74583512942565,308.46245648997564,6.850756409383122,25.578346259249905,11
12,2020-11-01,58.11382455150103,115.15002803148887,63.77312440759732,305.3265410232691,5.606206733460219,27.309187435027734,12
13,2020-12-01,61.14631176942255,118.88179096308941,70.47684627274539,325.9344337544226,5.012555451847627,29.076505072887077,13
14,2021-01-01,63.619076026557096,127.3305932077324,76.52778540069556,346.66262061563987,5.403556659716107,29.90176157123336,14
15,2021-02-01,59.35492721693761,118.604770042688,52.230809102009744,299.47063664554463,5.7592258572090795,27.627576296614976,15
16,2021-03-01,67.07118717908023,122.13436290931021,50.74981602003507,309.69192737484934,7.656688255942128,30.66159222710019,16
17,2021-04-01,71.09547412099595,113.7741637866516,34.814180383021046,284.033493815641,8.610212848615992,33.72068058232889,17
18,2021-05-01,72.60725203881726,127.15074092232211,46.69855496496945,317.6606136805504,9.047236812322662,30.11650085969841,18
19,2021-06-01,67.82454595939683,146.66721371579513,55.32631736031418,342.7840500560978,9.925994304580591,27.96388844888135,19
20,2021-07-01,61.67785100689274,182.96871598396126,75.90932179206153,397.3275562989737,9.797411198578144,25.26204628546023,20
21,2021-08-01,58.488745703457695,181.2892651207404,79.9307035204302,396.030505113236,9.319548742194968,25.11625589974101,21
22,2021-09-01,56.61568615818454,154.7944993987741,62.42471154450814,343.64179409964515,8.810102170555087,24.48179300618819,22
23,2021-10-01,58.86163580796378,138.89542565498914,44.717262582960885,308.12148398736304,7.7051149192850135,27.669448840224486,23
24,2021-11-01,60.806868753608036,123.57227401005251,50.812600026865866,305.02664332461205,6.460520062748529,29.50878107764125,24
25,2021-12-01,63.7807639440961,129.3467145389902,57.91547455967945,326.20509406471336,5.882646258778213,31.121497037849547,25
26,2022-01-01,66.40645588641803,136.18141024287723,64.21898680361144,346.9840170839115,6.266906643410347,32.07205652127746,26
27,2022-02-01,62.242529232065785,126.72981984497231,39.46588483112409,299.3798099883009,6.631724254208037,29.757175914168762,27
28,2022-03-01,69.78788839989734,131.15894392012044,37.993220778324726,309.7049816324028,8.511391826616237,32.80339326551042,28
29,2022-04-01,73.66363953466013,123.28386103728208,22.38107053418471,284.2022143766987,9.467412916320928,35.57521560544513,29
30,2022-05-01,75.14451084475209,137.19226131768252,34.265896002781176,317.91760476332365,9.91352225322645,32.00553189104927,30
31,2022-06-01,70.58957921762816,155.83907852562274,43.17211659013977,343.2039565890057,10.788928377180063,30.08931399546835,31
32,2022-07-01,64.03633652173723,192.06258617599687,63.51124583711629,397.41067607638405,10.644050723378383,26.930790822806987,32
33,2022-08-01,61.08701766827101,189.81702381618285,67.37561567965986,396.03717920263495,10.178212433875114,27.080615480275426,33
34,2022-09-01,59.02494002037896,164.59373794858215,49.835595352230406,343.69781622314576,9.66896828108182,26.371918858038182,34
35,2022-10-01,61.261399800614974,148.2793086041255,32.43891634166857,308.27961898909666,8.56127155376133,29.55775490328436,35
36,2022-11-01,63.295586580763455,132.58901985336408,38.513372430359205,305.1740265427229,7.3166890015522,31.35427381708868,36
37,2022-12-01,66.29036629732944,137.33710924065164,45.49376241787363,326.2031274217917,6.7346462968729925,33.027999519079486,37
38,2023-01-01,68.86154873777483,144.98281893278173,51.719769722538274,346.9687696912261,7.120688120946263,33.92911126765383,38
39,2023-02-01,64.66189892607592,135.8958930499374,27.1066351116161,299.4724665520014,7.4830884211970075,31.630290070538024,39
40,2023-03-01,72.26817392583672,139.87304424110076,25.63141520128661,309.7704462192213,9.367458338773153,34.671692431854076,40
41,2023-04-01,76.1968691226823,131.75421285481528,9.919999777512905,284.2269315891365,10.322819806771099,37.556877224785794,41
42,2023-05-01,77.68875677549832,145.39539656904483,21.804686886402564,317.9192161916955,10.766528405386676,33.973580510926425,42
43,2023-06-01,73.05263728549875,164.47917554180253,30.625459403895764,343.1629230987945,11.64282015915993,31.964075346070782,43
44,2023-07-01,66.64430435499068,200.74187188542984,51.03942453081542,397.45780023945986,11.502248332459985,28.985770078376852,44
45,2023-08-01,63.60951608551565,198.7807544055008,54.95197526002157,396.10431386894163,11.033232702138074,29.018937544759623,45
46,2023-09-01,61.61481199792291,172.9186086376252,37.42239692008035,343.75203349644426,10.523935074914585,28.33953543398823,46
47,2023-10-01,63.854654344638256,156.81287629831837,19.930354608148864,308.30710708861244,9.416954331257315,31.526089614030038,47
48,2023-11-01,65.85713444458104,141.30705698612024,26.011218378676173,305.2043290403625,8.172368535147902,33.339503750823745,48
49,2023-12-01,68.84447008643917,146.57084041751753,33.02919414489749,326.27252389522596,7.591427459066021,34.98915346186205,49
50,2024-01-01,71.43508187868039,153.80905303927153,39.278984723516224,347.0416425476059,7.976998545461452,35.909778540310825,50
51,2024-02-01,67.24816521932102,144.538900080557,14.622899532460648,299.5170943559256,8.340037617736868,33.60461989284045,51
52,2024-03-01,74.83272739677112,148.74314677043208,13.148463916143918,309.822191823448,10.223164952617331,36.64792237130019,52
53,2024-04-01,78.74255122674866,140.74678774899897,0.0,284.2893432686895,11.17870072573667,39.488371466079975,53
54,2024-05-01,80.23051221740633,154.5222354456675,9.35223871022932,317.98767606544664,11.623043715430875,35.91044678695382,54
55,2024-06-01,75.62333130682975,173.38646131377476,18.199231941830142,343.2425457510265,12.499101444176882,33.93775514376571,55
56,2024-07-01,69.16334677956608,209.62946714907062,38.590232826069155,397.51434665218363,12.357391812350695,30.888331321514663,56
57,2024-08-01,66.15902320513047,207.52542925479625,42.48799870107531,396.1556223114152,11.88921578801315,30.967534673234162,57
58,2024-09-01,64.14030450431015,181.98428107947083,24.95521611826382,343.806723209219,11.379932291588128,30.27657220550332,58
59,2024-10-01,66.37894116996371,165.77368813426816,7.492437122232992,308.36879345786645,10.272762350977407,33.46284299134714,59
60,2024-11-01,68.39272279024306,150.17518144937333,13.57133462255903,305.2652787098207,9.028177412215367,35.269589844786594,60
61,2024-12-01,71.38271179603434,155.17985244222157,20.577776764211205,326.3232402847007,8.446945233222127,36.92874055227906,61
62,2025-01-01,73.96639819548696,162.62281352057076,26.820269174154202,347.0914489554456,8.832640711131777,37.841665176017095,62
63,2025-02-01,69.774942934824,153.44472370468142,2.177363858129257,299.5742942182312,9.195510989311373,35.53900744713678,63
64,2025-03-01,77.36724442466243,157.5348653954261,0.7026875722559515,309.8775285229035,11.07896667407814,38.58156009119593,64
65,2025-04-01,81.28379475943498,149.4769696673464,0.0,284.34188800511436,12.034456387468914,41.43966302669838,65
66,2025-05-01,82.77315536846803,163.1849559141563,0.0,318.03863762023377,12.47863174068688,37.85961840646357,66
67,2025-06-01,78.15565959863342,182.15949707674253,5.736049246337764,343.29058532524584,13.354751310066336,35.87239921425292,67
68,2025-07-01,71.71408575225351,218.41239648301968,26.134096970171584,397.56842668698687,13.21334234084522,32.851040576774764,68
69,2025-08-01,68.69890335033101,216.380169495818,30.03639974619507,396.2110734427884,12.744944452413778,32.912077000943434,69
70,2025-09-01,66.68874441161779,190.67773485631068,12.50460042182774,343.86128925574235,12.235657221961224,32.225676543170856,70
71,2025-10-01,68.92781082989605,174.519829522322,0.0,308.42152805227363,11.128537276248894,35.4120591635504,71
72,2025-11-01,70.9375641393876,158.96789396120968,1.1123425165399814,305.31820614353677,9.883952110937779,37.221437096044205,72
73,2025-12-01,73.92660738087129,164.1027569866744,8.122323882342316,326.378846392486,9.302796855274288,38.87683846944695,73
74,2026-01-01,76.51276226541701,171.4428414224028,14.367055818522212,347.1472932609752,9.688459462991537,39.792801887851695,74
75,2026-02-01,72.32292474254932,162.21849412940975,0.0,299.6282032053886,10.051374344654462,37.48915723308729,75
76,2026-03-01,79.91246763401732,166.36596831199336,0.0,309.9319252135168,11.93474326366042,40.532005780812256,76
77,2026-04-01,83.82662037527828,158.33899193677726,0.0,284.39701552289006,12.89024514823749,43.383142063168876,77
78,2026-05-01,85.31548210472413,172.08087444626568,0.0,318.09417955329036,13.334464799039528,39.80393402544468,78
79,2026-06-01,80.70166296047499,190.9999872685634,0.0,343.3468921189914,14.210568027162962,37.82244777241079,79
80,2026-07-01,74.25352681608504,227.24791561238172,13.680092006198725,397.6231523234536,14.069079608485804,34.79001390145466,80
81,2026-08-01,71.24221493163326,225.17960696114181,17.581002582437037,396.26544017958327,13.600740347171211,34.85821945584039,81
82,2026-09-01,69.2290049536784,199.55821132046813,0.048901534009716766,343.9158876732732,13.091454103427642,34.170018713272775,82
83,2026-10-01,71.46791819104979,183.37383289535325,0.0,308.47660587262544,11.98432094666944,37.35635720090906,83
84,2026-11-01,73.47910735052609,167.79849749554376,0.0,305.37323348606947,10.739735841223505,39.16469684289946,84
85,2026-12-01,76.46848769997841,172.8679450378625,0.0,326.43317256249327,10.158560258733173,40.82157779859489,85
86,2027-01-01,79.05376271837922,180.25972023489345,1.9121540520345168,347.2015570800918,10.544231552329148,41.736342031578346,86
87,2027-02-01,74.86334856949856,171.05861518762805,0.0,299.6829736154661,10.907134647616145,39.43308684279037,87
88,2027-03-01,82.45387473500789,175.17728244110677,0.0,309.9865679618277,12.790526494290551,42.475818619426455,88
89,2027-04-01,86.36888207383802,167.13477051916408,0.0,284.4514669691187,13.746025162657444,45.32970411974741,89
90,2027-05-01,87.85792162378614,180.8596217222401,0.0,318.14852252174177,14.19023310791677,41.75016594535375,90
91,2027-06-01,83.24279198412863,199.80658472543655,0.0,343.40103487670905,15.066340654182484,39.76641732916739,91
92,2027-07-01,76.79699490342918,236.05701079853955,1.225433153752558,397.6777089665539,14.92487322985574,36.73835402614389,92
93,2027-08-01,73.78430341279899,234.00683151695716,5.126770942362142,396.320090768637,14.456518476449752,36.803730459979356,93
94,2027-09-01,71.77218094642886,208.34471752235797,0.0,343.9704776173351,13.947231971970426,36.116240155436415,94
95,2027-10-01,74.01114878356042,192.17364060280818,0.0,308.53107032770373,12.840102306203105,39.302596058972135,95
96,2027-11-01,76.02182614906468,176.61006254116418,0.0,305.42771115427445,11.595517184937924,41.11134543672007,96
97,2027-12-01,79.01108633984575,181.71237834238647,0.0,326.4878337703517,11.014346973768511,42.767642511729356,97
98,2028-01-01,81.59667497749227,189.07818131932967,0.0,347.2562346089846,11.400015972139439,43.682879973684294,98
99,2028-02-01,77.40646636102842,179.86539811708718,0.0,299.7375185385792,11.762922181951296,41.379471091747476,99
100,2028-03-01,84.99664204861,183.99853952192126,0.0,310.0411463018183,13.646307970037904,44.42224894921585,100
101,2028-04-01,88.91134477491858,175.96383349466072,0.0,284.5060953845424,14.60180748828152,47.27504953842423,101
102,2028-05-01,90.40032094257595,189.69724214257562,0.0,318.2031793324219,15.046018526705707,43.69564164433064,102
103,2028-06-01,85.7856584155399,208.63021171620048,0.0,343.4557440947602,15.922124931911473,41.712785814004356,103
104,2028-07-01,79.33902759962457,244.87938279570182,0.0,397.73230984553453,15.780651959872117,38.68299777406296,104
105,2028-08-01,76.32682785543966,242.8200943432167,0.0,396.3746670562266,15.312301300218456,38.74949065059728,105
106,2028-09-01,74.31431775674056,217.17843944078635,0.0,344.02506977942113,14.803014864638,38.0617199891973,106
107,2028-10-01,76.5532661323487,201.0006791290533,0.0,308.58569533791734,13.695884276383733,41.24806901997754,107
108,2028-11-01,78.56412592155502,185.43119354802317,0.0,305.4823327058062,12.451299159298756,43.05665670560708,108
109,2028-12-01,81.55342894165967,190.516994567249,0.0,326.54240727835185,11.870127528769176,44.713184194738865,109
110,2029-01-01,84.13890579294885,197.89584738519451,0.0,347.3108038447737,12.255797133648455,45.628234908543384,110
111,2029-02-01,79.94862391656713,188.6889319164433,0.0,299.7921224853958,12.618702520453722,43.324886677819855,111
112,2029-03-01,87.53892452840448,192.81480072874604,0.0,310.0957415013982,14.502089909509316,46.36764635062347,112
113,2029-04-01,91.45373583071613,184.77617259994247,0.0,284.5606774763246,15.45758920317481,49.22087507326378,113
114,2029-05-01,92.94273459033971,198.50528152707275,0.0,318.25775399143214,15.901799424236732,45.641415767260646,114
115,2029-06-01,88.32790556580986,217.4452821527359,0.0,343.51030503556217,16.777906130965174,43.65820762099822,115
116,2029-07-01,81.88157192624462,253.695083808557,0.0,397.7868991452849,16.636434624897124,40.62910020597372,116
117,2029-08-01,78.86919690409256,251.64037229372082,0.0,396.4292627930452,16.168082883478082,40.69515250591271,117
118,2029-09-01,76.85682497295377,225.98843764242974,0.0,344.07966136091494,15.658796429691249,40.0074924804367,118
119,2029-10-01,79.09578028542191,209.8140354265797,0.0,308.64027832105086,14.551666085202204,43.1938442233805,119
120,2029-11-01,81.10657505157423,194.24751810118752,0.0,305.53691659428796,13.307080967012613,45.0024957168195,120
121,2029-12-01,84.09586280560663,199.34161703559013,0.0,326.59700374275866,12.725909711545947,46.65893227869663,121
122,2030-01-01,86.68137950199416,206.71391291117146,0.0,347.365401427479,13.111579156156685,47.57405668805612,122
123,2030-02-01,82.49112373835733,197.5040491773568,0.0,299.84671098210634,13.4744847604397,45.27068452282607,123
124,2030-03-01,90.08137982222746,201.63357213150368,0.0,310.15033228779447,15.357871726442633,48.31345137175946,124
125,2030-04-01,93.99615242373855,193.59691467757344,0.0,284.6152716938317,16.31337107945242,51.1665111420926,125
126,2030-05-01,95.48514313068796,207.32818401580462,0.0,318.3123501545493,16.757581516500586,47.58707212453248,126
127,2030-06-01,90.87037345247884,226.26465186256524,0.0,343.56490478957187,17.633688143552302,45.6040030110711,127
128,2030-07-01,84.42393388745744,262.5141366829104,0.0,397.8414914760266,17.492216250104438,42.57462700419779,128
129,2030-08-01,81.41162134133559,260.45712546830293,0.0,396.4838534388132,17.023864794539605,42.6408531668317,129
130,2030-09-01,79.39920016178974,234.8103559160185,0.0,344.1342530943852,16.514578345563766,41.953149481615036,130
131,2030-10-01,81.63815300168541,218.63426641208926,0.0,308.6948723052368,15.407447936660276,45.13950015427032,131
132,2030-11-01,83.64897094463716,203.06625767533532,0.0,305.59151034148897,14.162862818762578,46.948126467529924,132
133,2030-12-01,86.63826414010413,208.1561872906215,0.0,326.65159419807236,13.581691464186333,48.60459891160711,133
134,2031-01-01,89.22376663411579,215.5317777268921,0.0,347.41999159006576,13.967360951147691,49.51969423883212,134
135,2031-02-01,85.03350156285939,206.3233953600988,0.0,299.9013035230525,14.330266497962675,47.216331518765195,135
136,2031-03-01,92.62377351826586,210.4510822767447,0.0,310.2049242293901,16.213653575756375,50.259095535815824,136
137,2031-04-01,96.53855991427963,202.41343464971115,0.0,284.66986273729617,17.16915291308456,53.11222197901301,137
138,2031-05-01,98.02755349152201,216.1436184811481,0.0,318.36694068872885,17.613363293058818,49.53277495511887,138
139,2031-06-01,93.41276265992668,235.0818613861371,0.0,343.6194943837957,18.48946994116494,47.54965097578915,139
140,2031-07-01,86.96636085094562,271.3315054016751,0.0,397.8960830133729,18.347998150081374,44.520380962069275,140
141,2031-08-01,83.9540260358848,269.2756496799853,0.0,396.53844541721986,17.879646618980168,44.58653851407564,141
142,2031-09-01,81.94162241042756,243.62628490401303,0.0,344.1888447880738,17.370360168733033,43.89885205809959,142
143,2031-10-01,84.1805761316463,227.45104318441201,0.0,308.7494634097758,16.263229776850928,47.08520315311786,143
144,2031-11-01,86.19138581346606,211.8837838129828,0.0,305.6461015080613,15.018644658876095,48.89383940311468,144
145,2031-12-01,89.18067706938959,216.97580831855458,0.0,326.70618622633265,14.437473330489347,50.55029768716596,145
146,2032-01-01,91.76618462569219,224.34974339024632,0.0,347.47458369495047,14.823142806259645,51.465404490938575,146
147,2032-02-01,87.57592287204113,215.14061670494544,0.0,299.95589500537534,15.186048368260431,49.16203804357082,147
148,2032-03-01,95.16618917020156,219.26922614563358,0.0,310.2595158685997,17.06943541651366,52.20480317815418,148
149,2032-04-01,99.08097064930661,211.23207603485085,0.0,284.72445461160146,18.024934757985672,55.057903310548795,149
150,2032-05-01,100.56996320346256,224.96280528331508,0.0,318.42153269634514,18.469145153041588,51.478459446157046,150
151,2032-06-01,95.95517991177437,243.90015630352983,0.0,343.6740866374557,19.34525179558413,49.495357118290045,151
152,2032-07-01,89.50876464504074,280.1497203308362,0.0,397.95067475839903,19.203779977451013,46.46604527698446,152
153,2032-08-01,86.49643776751434,278.0932840273246,0.0,396.59303704679365,18.735428466310136,46.532229904484026,153
154,2032-09-01,84.48402788508264,252.44522323138864,0.0,344.2434364921756,18.226142016398946,45.84453664941278,154
155,2032-10-01,86.72298129216281,236.26955553931973,0.0,308.8040552680941,17.11901162001897,49.03088757775591,155
156,2032-11-01,88.73379391857819,220.7019196464261,0.0,305.7006933501417,15.87442650206452,50.83951990646429,156
157,2032-12-01,91.72308586583205,225.79289156638714,0.0,326.7607778428566,15.293255166757257,52.49598377842081,157
158,2033-01-01,94.30859161773306,233.16765838232257,0.0,347.5291752914172,15.678924645484765,53.41108605325677,158
159,2033-02-01,90.1183286815557,223.9589056826936,0.0,300.01048676480457,16.041830203472735,51.10772107677641,159
160,2033-03-01,97.70859699618332,228.0870515976596,0.0,310.314107586962,17.925217259531973,54.15048577035303,160
161,2033-04-01,101.62338022786993,220.04965150793984,0.0,284.77904626842485,18.880716599908983,57.00359628565742,161
162,2033-05-01,103.11237314669451,233.7801067095393,0.0,318.47612431827287,19.32492699097961,53.42415117444593,162
163,2033-06-01,98.49758716748391,252.7179058606592,0.0,343.7286781949788,20.201033634992317,51.44104030236279,163
164,2033-07-01,92.05117669762791,288.9675100783575,0.0,398.0052664490627,20.059561824006984,48.41174496728301,164
165,2033-08-01,89.03884699084892,286.9113654903957,0.0,396.6476287676783,19.591210307591638,48.477918910106496,165
166,2033-09-01,87.02643933865144,261.2626495047191,0.0,344.2980281935517,19.081923857591672,47.790228338130596,166
167,2033-10-01,89.26539285770309,245.0871958441407,0.0,308.85864692910224,17.974793462400246,50.97657933224797,167
168,2033-11-01,91.27620443454764,229.5197491358924,0.0,305.7552850154004,16.730208344440413,52.785213208396186,168
169,2033-12-01,94.26549613538391,234.6112499315065,0.0,326.8153695671571,16.149037010961877,54.44167487522362,169
170,2034-01-01,96.85100253044531,241.98559883437568,0.0,347.58376702096785,16.53470648890795,55.35677893729282,170
171,2034-02-01,92.66074001576729,232.77665822422006,0.0,300.06507845169807,16.897612047956294,53.053413380363,171
172,2034-03-01,100.25100761164593,236.90503703945237,0.0,310.36869928460516,18.78099910195282,56.09617824797206,172
173,2034-04-01,104.16579021864284,228.8677625526025,0.0,284.83363798217664,19.73649844261918,58.949284665917,173
174,2034-05-01,105.65478300748505,242.598355450094,0.0,318.530716041159,20.180708834742912,55.36984004673218,174
175,2034-06-01,101.0399979862142,261.53592943613205,0.0,343.7832699347236,21.056815478367128,53.386732546413356,175
176,2034-07-01,94.59358580656044,297.78551346001467,0.0,398.05985815395655,20.915343665493012,50.35743069755839,176
177,2034-08-01,91.5812571082395,295.72922229846273,0.0,396.7022204646614,20.446992150471424,50.42360885682595,177
178,2034-09-01,89.56884866109795,270.0808355153692,0.0,344.3526198956414,19.93770570049492,49.73591722603261,178
179,2034-10-01,91.80780214023851,253.90527431385243,0.0,308.9132386417586,18.830575304989427,52.92226819419379,179
180,2034-11-01,93.81861409119179,238.33773254905773,0.0,305.8098767269442,17.58599018703102,54.730901459683025,180
181,2034-12-01,96.80790587986107,243.42896760908368,0.0,326.8699612632461,17.004818853069242,56.38736399671031,181
182,2035-01-01,99.39341204567457,250.8035264939663,0.0,347.6383587156826,17.39048833122181,57.30246735349196,182
183,2035-02-01,95.20314938075742,241.59468030017112,0.0,300.11967015757875,17.753393889989955,54.999102025622214,183
184,2035-03-01,102.79341723282677,245.7229420937767,0.0,310.4232909876721,19.636780944531537,58.04186682455365,184
185,2035-04-01,106.70820006248793,237.685604497286,0.0,284.8882296810268,20.59228028512144,60.89497485942051,185
186,2035-05-01,108.197192897661,251.41612820895162,0.0,318.58530773761817,21.036490676966892,57.3155300460695,186
187,2035-06-01,103.58240753494238,270.3538153300434,0.0,343.8378616267698,21.91259732069376,55.33242121516699,187
188,2035-07-01,97.13599596472844,306.60340950038574,0.0,398.11444985512526,21.771125508318747,52.303121936812865,188
189,2035-08-01,94.12366690695299,304.54719198529295,0.0,396.7568121679009,21.302773992928863,52.369298432164676,189
190,2035-09-01,92.11125874316113,278.8986397931065,0.0,344.4072115975442,20.79348754294616,51.681607219207564,190
191,2035-10-01,94.35021223652755,262.7231326259442,0.0,308.9678303408955,19.686357147523662,54.86795819761171,191
192,2035-11-01,96.36102405413362,247.15563862267362,0.0,305.86446842637224,18.441772029564873,56.67659170408246,192
193,2035-12-01,99.35031581149572,252.24700720255902,0.0,326.9245529667197,17.860600695730792,58.33305389770681,193
194,2036-01-01,101.9358220590223,259.6214605811784,0.0,347.69295041951585,18.246270173828798,59.24815753281281,194
195,2036-02-01,97.74555944765636,250.4125669475229,0.0,300.1742618584892,18.60917573267098,56.944792114550154,195
196,2036-03-01,105.33582720840916,254.54088753909105,0.0,310.47788268931913,20.492562787068533,59.987556940583524,196
197,2036-04-01,109.25060995870392,246.50358165227996,0.0,284.94282138377764,21.448062127678643,62.840664337372,197
198,2036-05-01,110.73960277736286,260.23414012662755,0.0,318.6398994409948,21.892272519597626,59.261219600643905,198
199,2036-06-01,106.12481753634977,279.1717704025803,0.0,343.8924533313015,22.76837916329737,57.278111294823454,199
200,2036-07-01,99.67840574890728,315.4213594747953,0.0,398.16904155726905,22.626907350790468,54.24881100208452,200
201,2036-08-01,96.6660768192557,313.36510495575834,0.0,396.8114038695026,22.158555835497914,54.31498815405967,201
202,2036-09-01,94.65366855446672,287.7166358740012,0.0,344.46180329949584,21.649269385516845,53.62729677621378,202
203,2036-10-01,96.89262204276251,271.54110155707144,0.0,309.0224220435712,20.542138990072417,56.81364775057581,203
204,2036-11-01,98.9034339078988,255.97358355584103,0.0,305.9190601289717,19.297553872113728,58.62228116194913,204
205,2036-12-01,101.89272567642004,261.064885048164,0.0,326.9791446682602,18.716382538245906,60.27874349108899,205
206,2037-01-01,104.47823189482081,268.43939143880755,0.0,347.74754212096224,19.10205201635832,61.19384701636114,206
207,2037-02-01,100.28796926436708,259.23052164149084,0.0,300.2288535607006,19.464957575180946,58.89048163376981,207
208,2037-03-01,107.87823705766876,263.3588126897984,0.0,310.5324743913377,21.34834462961656,61.933246449108076,208
209,2037-04-01,111.79301983625288,255.32149087033798,0.0,284.99741308550733,22.30384397022133,64.78635409769846,209
210,2037-05-01,113.28201266079807,269.05203187804346,0.0,318.6944911425607,22.748054362120882,61.20690933073302,210
211,2037-06-01,108.6672273764043,287.98969071605313,0.0,343.94704503256514,23.624161005827798,59.223800817701864,211
212,2037-07-01,102.2208156663907,324.23928234984163,0.0,398.22363325915774,23.48268919335575,56.194500925264904,212
213,2037-08-01,99.20848669107069,322.18304642357737,0.0,396.8659955715332,23.014337678037478,56.26067781811984,213
214,2037-09-01,97.1960784622811,296.53453558266824,0.0,344.5163950014348,22.50505122805597,55.57298650534323,214
215,2037-10-01,99.43503195238426,280.3590149072427,0.0,309.07701374532064,21.397920832617334,58.759337481300385,215
216,2037-11-01,101.44584380057888,264.7915089638787,0.0,305.9736518307411,20.15333571465862,60.56797093020155,216
217,2037-12-01,104.43513556512258,269.88284416460306,0.0,327.0337363703068,19.57216438079972,62.22443320586356,217
218,2038-01-01,107.02064179390493,277.2573239191531,0.0,347.8021338230335,19.95783385890833,63.139536774478934,218
219,2038-02-01,102.83037917025486,268.04844214517703,0.0,300.28344526257166,20.32073941773612,60.83617137781079,219
220,2038-03-01,110.42064695195481,272.1767480376085,0.0,310.5870660932592,22.20412647216168,63.87893619736961,220
221,2038-04-01,114.33542972045548,264.13943422356846,0.0,285.05200478750436,23.159625812767853,66.7320437465926,221
222,2038-05-01,115.82442254290257,277.86998400745483,0.0,318.74908284460065,23.603836204672547,63.15259899155957,222
223,2038-06-01,111.20963727397141,296.80762849435007,0.0,344.00163673468415,24.479942848377565,61.169490560299025,223
224,2038-07-01,104.76322553635906,333.0572188410662,0.0,398.2782249611132,24.338471035896312,58.14019050989275,224
225,2038-08-01,101.75089657731708,331.00097357279236,0.0,396.9205872734516,23.870119520584826,58.20636750500309,225
226,2038-09-01,99.73848833569588,305.3524837139284,0.0,344.57098670337723,23.36083307060344,57.5186761665485,226
227,2038-10-01,101.97744182515484,289.17695618427706,0.0,309.1316054473127,22.253702675163268,60.70502714187617,227
228,2038-11-01,103.98825367938817,273.6094441823921,0.0,306.0282435327279,21.009117557204565,62.513660575967904,228
229,2038-12-01,106.97754544534959,278.7007624462017,0.0,327.0883280722211,20.427946223343305,64.17012287273363,229
230,2039-01-01,109.56305167043156,286.0752555841585,0.0,347.85672552494134,20.81361570145292,65.08522642424467,230
231,2039-02-01,105.37278904435641,276.8663798279005,0.0,300.3380369645318,21.176521260279344,62.78186103313159,231
232,2039-03-01,112.96305683019163,280.99467826184537,0.0,310.6416577952062,23.05990831470756,65.82462585102489,232
233,2039-04-01,116.87783960228643,272.9573604254513,0.0,285.10659648943164,24.015407655313364,68.67773343946075,233
234,2039-05-01,118.36683242548142,286.68790579971215,0.0,318.8036745465168,24.459618047216694,65.09828867971889,234
235,2039-06-01,113.75204715103877,305.6255574973796,0.0,344.0562284365796,25.335724690922213,63.11518021618959,235
236,2039-07-01,107.30563542326371,341.87514849079014,0.0,398.3328166630514,25.19425287844339,60.08588022812201,236
237,2039-08-01,104.29330645841956,339.81890791644474,0.0,396.9751789753994,24.72590136313012,60.15205718287978,237
238,2039-09-01,102.28089822137207,314.17040751507216,0.0,344.62557840531866,24.216614913148693,59.464365854558366,238
239,2039-10-01,104.51985171106064,297.9948834293526,0.0,309.1861971492412,23.109484517708932,62.65071683013445,239
240,2039-11-01,106.53066356314152,282.42737447159465,0.0,306.0828352346578,21.864899399750218,64.45935027007037,240
241,2039-12-01,109.5199553285976,287.51870124542165,0.0,327.1429197741699,21.283728065889576,66.11581255850804,241
242,2040-01-01,112.10546155499851,294.8931876588346,0.0,347.91131722689187,21.66939754399893,67.03091611676888,242
243,2040-02-01,107.91519892978776,285.6843088789513,0.0,300.39262866646874,22.03230310282572,64.72755072346364,243
244,2040-03-01,115.505466714149,289.81261106044116,0.0,310.6962494971465,23.91569015725323,67.77031554201419,244
245,2040-04-01,119.42024948496271,281.77529524509424,0.0,285.16118819137716,24.87118949785913,70.62342311497567,245
246,2040-05-01,120.9092423078911,295.50584283498824,0.0,318.8582662484651,25.315399889762826,67.04397835709203,246
247,2040-06-01,116.29445703541296,314.4434909095757,0.0,344.1108201385333,26.191506533468214,65.06086990629679,247
248,2040-07-01,109.8480453041315,350.6930815780522,0.0,398.387408364994,26.050034720988744,62.03156989362878,248
249,2040-08-01,106.83571634135549,348.6368386452246,0.0,397.0297706773394,25.581683205675944,62.0977468643107,249
250,2040-09-01,104.82330810267777,322.9883435409757,0.0,344.68017010726044,25.072396755694534,61.41005553199048,250
251,2040-10-01,107.06226159228449,306.81281772483953,0.0,309.24078885118627,23.965266360254663,64.59640650746853,251
252,2040-11-01,109.07307344513258,291.2453072375484,0.0,306.13742693660254,22.720681242295953,66.40503994509818,252
253,2040-12-01,112.06236521076879,296.3366297354847,0.0,327.1975114761097,22.139509908435148,68.0615022368223,253
254,2041-01-01,114.6478714366996,303.71111952767035,0.0,347.9659089288312,22.525179386544576,68.9766057924195,254
255,2041-02-01,110.45760881118072,294.50224226701914,0.0,300.44722036841165,22.888084945371265,66.67324039997935,255
256,2041-03-01,118.04787659606735,298.63054256554074,0.0,310.75084119908854,24.771471999798962,69.71600521827052,256
257,2041-04-01,121.96265936733772,290.593225734711,0.0,285.21577989331774,25.72697134040484,72.56911279733858,257
258,2041-05-01,123.45165219036112,304.32377221135164,0.0,318.91285795040494,26.171181732308437,68.98966803872163,258
259,2041-06-01,118.83686691718277,323.26142210636937,0.0,344.16541184047173,27.047288376013856,67.00655958290122,259
260,2041-07-01,112.39045518715109,359.5110129381103,0.0,398.44200006693535,26.90581656353456,63.977259579941155,260
261,2041-08-01,109.37812622363796,357.45477119031096,0.0,397.08436237928146,26.43746504822164,64.04343654433903,261
262,2041-09-01,107.36571798554128,331.80627342450214,0.0,344.734761809202,25.928178598240226,63.35574521359682,262
263,2041-10-01,109.60467147517716,315.63074847782036,0.0,309.29538055312685,24.82104820280038,66.54209618911356,263
264,2041-11-01,111.61548332775179,300.06323875904894,0.0,306.19201863854335,23.576463084841677,68.35072962765332,264
265,2041-12-01,114.60477509332382,305.15456340542283,0.0,327.2521031780517,22.99529175098091,70.00719191808052,265
266,2042-01-01,117.19028131942221,312.52905149993126,0.0,348.0205006307733,23.380961229090317,70.92229547472886,266
267,2042-02-01,113.00001869401314,303.32017347593614,0.0,300.5018120703528,23.74386678791703,68.61893008194731,267
268,2042-03-01,120.59028647871251,307.44847472056233,0.0,310.8054329010298,25.62725384234468,71.66169490034085,268
269,2042-04-01,124.5050692498201,299.41115839996576,0.0,285.27037159525946,26.58275318295057,74.51480247699908,269
270,2042-05-01,125.99406207280964,313.1417054359648,0.0,318.9674496523469,27.026963574854182,70.93535771867153,270
271,2042-06-01,121.37927679988087,332.0793544163004,0.0,344.2200035424141,27.903070218559602,68.95224926483418,271
272,2042-07-01,114.93286506940372,368.3289451660085,0.0,398.4965917688768,27.761598406080257,65.92294925804312,272
273,2042-08-01,111.92053610615334,366.27270282278727,0.0,397.13895408122283,27.29324689076736,65.98912622492081,273
274,2042-09-01,109.90812786784954,340.62420639428933,0.0,344.7893535111435,26.783960440785947,65.30143489355589,274
275,2042-10-01,112.14708135747505,324.4486810107468,0.0,309.3499722550686,25.676830045346104,68.48778586905736,275
276,2042-11-01,114.15789321014714,308.8811709058297,0.0,306.246610340485,24.432244927387394,70.29641930723797,276
277,2042-12-01,117.14718497574205,313.97249447271304,0.0,327.30669487999313,23.851073593526625,71.95288159817697,277
278,2043-01-01,119.73269120178068,321.34698342022585,0.0,348.07509233271463,24.236743071636035,72.86798515441049,278
279,2043-02-01,115.5424285763325,312.13810577977574,0.0,300.5564037722944,24.599648630462738,70.56461976176368,279
280,2043-03-01,123.1326963610986,316.26640654902815,0.0,310.8600246029714,26.48303568489041,73.60738458011683,280
281,2043-04-01,127.04747913226416,308.22908997206287,0.0,285.324963297201,27.438535025496286,76.46049215772605,281
282,2043-05-01,128.5364719552658,321.9596367270102,0.0,319.0220413542884,27.882745417399896,72.8810473992843,282
283,2043-06-01,123.92168668224804,340.8972861669313,0.0,344.27459524435545,28.75885206110532,70.89793894466438,283
284,2043-07-01,117.47527495192972,377.14687695785705,0.0,398.5511834708185,28.617380248625985,67.86863893938512,284
285,2043-08-01,114.46294598858566,375.0906349138079,0.0,397.1935457831646,28.149028733313084,67.93481590528421,285
286,2043-09-01,112.45053775035568,349.44213781337294,0.0,344.8439452130852,27.639742283331675,67.24712457416504,286
287,2043-10-01,114.68949123998492,333.2666126493328,0.0,309.40456395701017,26.532611887891825,70.43347554967255,287
288,2043-11-01,116.70030309262226,317.6991027384362,0.0,306.3012020424265,25.28802676993312,72.24210898799487,288
289,2043-12-01,119.689594858209,322.7904268477136,0.0,327.36128658193473,24.70685543607235,73.89857127873191,289
290,2044-01-01,122.27510108426893,330.1649153666312,0.0,348.1296840346563,25.092524914181762,74.81367483512913,290
291,2044-02-01,118.08483845883468,320.95603753346734,0.0,300.610995474236,25.45543047300847,72.51030944242915,291
292,2044-03-01,125.67510624357705,325.0843385415731,0.0,310.914616304913,27.338817527436124,75.55307426079824,292
293,2044-04-01,129.58988901472193,317.04702209342133,0.0,285.37955499914256,28.29431686804201,78.40618183803215,293
294,2044-05-01,131.07888183771922,330.7775689895841,0.0,319.07663305622987,28.73852725994562,74.82673707963545,294
295,2044-06-01,126.4640965647332,349.71521819858475,0.0,344.329186946297,29.614633903651036,72.84362862532437,295
296,2044-07-01,120.01768483435828,385.9648089688005,0.0,398.60577517275993,29.473162091171698,69.8143286194485,296
297,2044-08-01,117.0053558710476,383.90856677443116,0.0,397.248137485106,29.0048105758588,69.88050558573377,297
298,2044-09-01,114.99294763279131,358.26007001161344,0.0,344.8985369150266,28.495524125877388,69.19281425451763,298
299,2044-10-01,117.2319011224192,342.08454473728364,0.0,309.45915565895166,27.388393730437546,72.37916523002275,299
300,2044-11-01,119.24271297506891,326.5170347289006,0.0,306.35579374436804,26.14380861247884,74.18779866828916,300
301,2044-12-01,122.23200474065857,331.60835856565,0.0,327.41587828387617,25.56263727861807,75.8442609591059,301
302,2045-01-01,124.81751096671093,338.9828472999168,0.0,348.18427573659784,25.948306756727465,76.75936451543853,302
303,2045-02-01,120.62724834127171,329.7739695635828,0.0,300.66558717617755,26.311212315554187,74.45599912275951,303
304,2045-03-01,128.2175161260225,333.90227045167575,0.0,310.9692080068546,28.19459936998184,77.49876394112229,304
305,2045-04-01,132.13229889717476,325.8649539388012,0.0,285.43414670108416,29.150098710587727,80.35187151850434,305
306,2045-05-01,133.62129172017362,339.5955007640097,0.0,319.13122475817164,29.594309102491337,76.77242676008987,306
307,2045-06-01,129.00650644717626,358.53315008903735,0.0,344.38377864823866,30.470415746196753,74.78931830565689,307
308,2045-07-01,122.56009471682152,394.7827408696589,0.0,398.6603668747017,30.328943933717426,71.76001830001647,308
309,2045-08-01,119.54776575349894,392.7264987508185,0.0,397.30272918704765,29.86059241840452,71.82619526614934,309
310,2045-09-01,117.53535751525206,367.0780018183637,0.0,344.9531286169684,29.35130596842311,71.13850393497145,310
311,2045-10-01,119.77431100488035,350.9024765994494,0.0,309.5137473608935,28.244175572983266,74.32485491047751,311
312,2045-11-01,121.7851228575257,335.33496664004883,0.0,306.4103854463098,26.999590455024556,76.13348834876601,312
313,2045-12-01,124.77441462311432,340.4262906137309,0.0,327.47046998581794,26.418419121163787,77.78995063955128,313
314,2046-01-01,127.35992084916937,347.8007792397946,0.0,348.23886743853967,26.804088599273197,78.7050541959094,314
315,2046-02-01,123.16965822373191,338.5919014548081,0.0,300.7201788781192,27.166994158099904,76.4016888032221,315
316,2046-03-01,130.75992600847974,342.720202403202,0.0,311.0237997087964,29.050381212527558,79.44445362158737,316
317,2046-04-01,134.6747087796294,334.6828859228477,0.0,285.4887384030259,30.005880553133448,82.29756119891097,317
318,2046-05-01,136.16370160262773,348.41343278370744,0.0,319.18581646011324,30.45009094503706,78.71811644050351,318
319,2046-06-01,131.5489163296344,367.3510820504368,0.0,344.43837035018026,31.32619758874248,76.73500798611866,319
320,2046-07-01,125.10250459927246,403.60067282582986,0.0,398.7149585766432,31.184725776263146,73.70570798038531,320
321,2046-08-01,122.09017563595413,401.5444306690397,0.0,397.3573208889893,30.71637426095025,73.77188494657833,321
322,2046-09-01,120.07776739770388,375.89593382181977,0.0,345.0077203189099,30.207087810968837,73.08419361538533,322
323,2046-10-01,122.31672088733208,359.7204085750617,0.0,309.5683390628351,29.099957415528987,76.27054459089102,323
324,2046-11-01,124.32753273997898,344.1528985910497,0.0,306.46497714825136,27.85537229757028,78.0791780291708,324
325,2046-12-01,127.31682450556795,349.2442224959295,0.0,327.52506168775955,27.27420096370951,79.73564031996848,325
326,2047-01-01,129.90233073162204,356.61871117636025,0.0,348.29345914048116,27.659870441818924,80.65074387631655,326
327,2047-02-01,125.71206810618395,347.4098334158194,0.0,300.7747705800609,28.022776000645628,78.34737848363254,327
328,2047-03-01,133.30233589093285,351.5381343339148,0.0,311.07839141073794,29.90616305507329,81.39014330199682,328
329,2047-04-01,137.21711866208344,343.5008178372206,0.0,285.5433301049675,30.861662395679172,84.24325087934345,329
330,2047-05-01,138.70611148508195,357.23136468016725,0.0,319.24040816205485,31.305872787582782,80.66380612093323,330
331,2047-06-01,134.09132621208718,376.1690139761888,0.0,344.49296205212187,32.1819794312882,78.68069766652941,331
332,2047-07-01,127.6449144817278,412.4186047542089,0.0,398.7695502785849,32.04050761880887,75.65139766083274,332
333,2047-08-01,124.63258551840795,410.3623626164868,0.0,397.41191259093085,31.57215610349597,75.71757462700202,333
334,2047-09-01,122.6201772801589,384.7138657264403,0.0,345.0623120208516,31.062869653514557,75.029883295815,334
335,2047-10-01,124.85913076978714,368.5383404936723,0.0,309.6229307647767,29.95573925807471,78.21623427132083,335
336,2047-11-01,126.86994262243348,352.97083052202635,0.0,306.51956885019297,28.711154140116,80.02486770960404,336
337,2047-12-01,129.85923438802234,358.06215446147615,0.0,327.5796533897012,28.12998280625523,81.68133000039683,337
338,2048-01-01,132.44474061407678,365.43664311458997,0.0,348.34805084242277,28.515652284364638,82.59643355674885,338
339,2048-02-01,128.2544779886389,356.22776534176626,0.0,300.8293622820025,28.878557843191352,80.29306816406356,339
340,2048-03-01,135.84474577338742,360.3560662750852,0.0,311.13298311267954,30.761944897619014,83.33583298242822,340
341,2048-04-01,139.75952854453763,352.31874978660113,0.0,285.59792180690914,31.717444238224893,86.18894055976575,341
342,2048-05-01,141.24852136753609,366.0492966385483,0.0,319.29499986399645,32.161654630128496,82.60949580135664,342
343,2048-06-01,136.63373609454186,384.9869459198519,0.0,344.5475537540636,33.037761273833915,80.62638734696027,343
344,2048-07-01,130.18732436418156,421.236536696552,0.0,398.8241419805265,32.896289461354584,77.59708734124916,344
345,2048-08-01,127.17499540086227,419.18029454924914,0.0,397.46650429287246,32.42793794604168,77.6632643074278,345
346,2048-09-01,125.16258716261278,393.5317976807209,0.0,345.1169037227932,31.91865149606027,76.97557297623842,346
347,2048-10-01,127.401540652241,377.3562724409236,0.0,309.67752246671836,30.81152110062042,80.1619239517442,347
348,2048-11-01,129.41235250488754,361.78876246306436,0.0,306.57416055213463,29.566935982661715,81.97055739002606,348
349,2048-12-01,132.40164427047642,366.8800863851442,0.0,327.63424509164275,28.985764648800945,83.6270196808208,349
350,2049-01-01,134.98715049653077,374.2545750519837,0.0,348.40264254436437,29.37143412691035,84.54212323717125,350
351,2049-02-01,130.79688787109282,365.0456972853314,0.0,300.88395398394414,29.734339685737066,82.23875784448646,351
352,2049-03-01,138.3871556558415,369.1739982110013,0.0,311.1875748146212,31.61772674016472,85.28152266285097,352
353,2049-04-01,142.3019384269918,361.136681718392,0.0,285.6525135088507,32.57322608077061,88.13463024019212,353
354,2049-05-01,143.79093124999028,374.8672285658168,0.0,319.34959156593806,33.01743647267422,84.55518548178256,354
355,2049-06-01,139.17614597699585,393.8048778545154,0.0,344.6021454560052,33.893543116379625,82.57207702738323,355
356,2049-07-01,132.7297342466359,430.0544686318789,0.0,398.878733682468,33.7520713039003,79.54277702167785,356
357,2049-08-01,129.7174052833164,427.9982264893898,0.0,397.5210959948142,33.2837197885874,79.60895398785279,357
358,2049-09-01,127.70499704506709,402.3497296100497,0.0,345.1714954247348,32.77443333860599,78.92126265666434,358
359,2049-10-01,129.9439505346953,386.17420437378433,0.0,309.73211416865985,31.667302943166142,82.10761363217014,359
360,2049-11-01,131.95476238734176,370.606694399047,0.0,306.62875225407623,30.422717825207428,83.91624707045253,360
